{"Advertisements for Subject Recruitment": 0.00021955391886504025,
  "Curriculum Vitae": 2.6372483412450085e-05,
  "Feasibility Documentation": 0.000144225793327332,
  "Financial Disclosure Form": 0.00018875140611254856,
  "Informed Consent Form": 0.00015280219120160555,
  "Insurance": 0.00016914271454086685,
  "Investigator's Brochure": 3.688920535803636e-05,
  "Marketed Product Material": 0.0001266732363207943,
  "Other Information Given to Subjects": 0.00022493014746757648,
  "Protocol": 0.9965430374568576,
  "Protocol Synopsis": 0.00022308388623011157,
  "QP (Qualified Person) Certification": 0.0006230184115486165,
  "Regulatory Authority Decision": 0.00013562541230411783,
  "Regulatory Submission": 0.0004616314364472278,
  "Site Staff Qualification Supporting Information": 0.0005109815905459916,
  "Subject Questionnaire": 0.0002132807094601719}